{
  "type": "carousel",
  "contents": [
    {
      "type": "bubble",
      "body": {
        "type": "box",
        "layout": "horizontal",
        "contents": [
          {
            "type": "text",
            "text": "Lorem ipsum dolor sit amet, consectetur adipiscing elit, sed do eiusmod tempor incididunt ut labore et dolore magna aliqua.",
            "wrap": true
          }
        ]
      },
      "footer": {
        "type": "box",
        "layout": "horizontal",
        "contents": [
          {
            "type": "button",
            "style": "primary",
            "action": {
              "type": "uri",
              "label": "Go",
              "uri": "https://qiita.com/unbabel/items/1cf05f2a2be3d6fb3388"
            }
          }
        ]
      }
    },
    {
      "type": "bubble",
      "body": {
        "type": "box",
        "layout": "horizontal",
        "contents": [
          {
            "type": "text",
            "text": "Hello, World!",
            "wrap": true
          }
        ]
      },
      "footer": {
        "type": "box",
        "layout": "horizontal",
        "contents": [
          {
            "type": "button",
            "style": "primary",
            "action": {
              "type": "uri",
              "label": "Go",
              "uri": "https://qiita.com/unbabel/items/1cf05f2a2be3d6fb3388"
            }
          }
        ]
      }
    }
  ]
}